400;Class;"An architect's blue-ink blueprint pinned to the site wall; from that one drawing, cranes stamp out identical houses all day long.";"A blueprint defining the fields and methods its instances will share; the template from which objects are stamped.";class Dog: / def bark(self): return 'woof';"Object/instance — the class is the design; the object is one concrete thing built from it."
401;Object (instance);The house actually built from the blueprint: you can knock on THIS door, and its peeling green paint is its own private state.;A concrete runtime value created from a class, holding its own state and responding to the class's methods.;rex = Dog() / fido = Dog() / rex is fido # False - two objects;"Class — one class, many objects; only objects occupy memory with per-instance state."
402;Instantiation;An INSTANT camera whirs and spits out a fresh print: press the shutter (new) and a brand-new photo slides out, chemicals developing before your eyes. Instant-iation.;The act of creating a new object from a class: allocate memory, then run the constructor to initialize it.;"d = Dog() # Python / Dog d = new Dog(); // Java";"Initialization — instantiation allocates the object; initialization (constructor body) fills in its starting state."
403;Fields (attributes);Every object is a little farm: its FIELDS are fenced plots, each gate labeled with a name and each plot growing exactly one value.;Named variables stored inside each object that hold its state, persisting for the object's lifetime.;self.name = 'Rex' / self.age = 3;"Local variables — fields live in the object and persist between calls; locals die when the method returns."
404;Methods;A METHOD actor who refuses to perform until handed his character sheet: give him the object (self) and he acts entirely out of its state.;Functions attached to a class that operate on an object's state, invoked on an instance as obj.method().;class Dog: / def speak(self): / return self.name + ' says woof';"Free function — a method implicitly receives the instance (self/this) and can read its fields; a function stands alone."
405;Constructor;A hard-hatted CONSTRUCTION crew swarms every new house the instant it is stamped out, wiring and painting it before anyone is allowed to move in.;Special method that runs at object creation to initialize fields into a valid starting state, e.g. __init__ in Python.;class Dog: / def __init__(self, name): / self.name = name;"Python __new__ — __new__ allocates and returns the object; __init__ only initializes an already-created instance."
406;this / self;Every method opens by snapping a SELFIE: the first parameter is always a picture of the very object doing the talking.;The implicit reference to the current instance inside a method, used to reach that object's own fields and methods.;def rename(self, n): / self.name = n # this object's field;"cls in Python classmethods — cls is the class itself; self is one particular instance."
407;Static members;One chalkboard nailed above the whole classroom, crackling with STATIC: every student reads the same tally, and one eraser swipe changes it for all.;Fields and methods belonging to the class itself: one shared copy for all instances, usable without creating an object.;class Dog: / species = 'canis' # shared / Dog.species # no instance needed;"Instance members — one copy per object; a static member has exactly one copy, on the class."
408;Prototype-based objects;"A garage inventor clones his working PROTOTYPE robot; each clone, asked something it cannot do, phones the original up the chain for the answer.";Object model (JavaScript) without classes: objects delegate missing properties to a linked prototype object at lookup time.;"let dog = {bark(){return 'woof'}}; / let rex = Object.create(dog); / rex.bark(); // found via prototype chain";"Class inheritance — classes fix structure at definition time; prototypes look properties up live along a chain at each access."
409;Metaclass;A cookie-cutter FACTORY: the machine that stamps out cookie cutters, which in turn stamp cookies. The cutters are its products, not its cookies.;In Python, the class of a class: classes are themselves objects, instances of a metaclass (type) that controls class creation.;type(Dog) # <class 'type'> / class Meta(type): ... / class Dog(metaclass=Meta): ...;"Base class — a base class is what a class inherits FROM; a metaclass is what a class is an instance OF."
410;Encapsulation;"A space CAPSULE: instruments sealed inside the hull; mission control can only push the few console buttons, never reach in and touch the wiring.";Bundling data with the methods that operate on it and restricting outside access, so state changes only via a controlled interface.;class Account: / def __init__(self): self._balance = 0 / def deposit(self, amt): self._balance += amt;"Abstraction — abstraction chooses which concepts to expose; encapsulation enforces the hiding with access control."
411;Information hiding;"A magician's locked trick cabinet: the audience only ever sees doves appear (the interface); the false bottom can be rebuilt every night without changing the show.";Parnas's principle: hide design decisions likely to change behind stable interfaces, so internals can change without breaking callers.;"module hides 'stored as list vs dict'; / callers only ever use add() and find()";"Encapsulation — encapsulation is the language mechanism; information hiding is the design principle about WHICH decisions to conceal."
412;Access modifiers;Nightclub wristbands: green (public) roams anywhere, red (private) opens only the owner's back room, yellow (protected) also admits family.;Keywords like public, private, protected that declare who may touch a member: everyone, only the class, or the class plus subclasses.;"public int x; / private int y; // class only / protected int z; // + subclasses";"Python underscore convention — _name is a courtesy signal, not enforced; true modifiers are compiler-enforced."
413;Class invariant;A tightrope walker's balance bar: each trick (method) may wobble it mid-air, but he must be dead level again before the crowd looks up.;"A condition on object state that must hold between all public calls (e.g. balance >= 0); every method must restore it before returning.";def withdraw(self, amt): / assert self._balance - amt >= 0 / self._balance -= amt;"Precondition — a precondition binds the caller before ONE call; an invariant binds the object across ALL calls."
414;Getters/setters debate;A butler who merely relays shouted orders — 'GET the vase! SET the vase!' — the mansion door may as well be wide open. Fire him and ask the house to redecorate itself.;Accessor pairs (getX/setX) guard fields, but mirroring every field defeats encapsulation—prefer behavior-revealing methods.;bad: a.set_balance(a.get_balance()+5) / good: a.deposit(5);"Properties — properties are syntax for accessors; the debate is whether the field should be exposed at all."
415;Properties (uniform access);A smart-house wall: you say 'temperature' and it simply answers — you never learn whether it read a dial or computed a forecast. The PROPERTY hides its butler.;Feature exposing computed methods behind attribute syntax, so obj.x can later become logic without changing callers (uniform access).;class Circle: / @property / def area(self): return 3.14159*self.r**2;Getter method — a property keeps plain field syntax (c.area), so an attribute can be upgraded to logic without breaking callers.
416;Law of Demeter;The goddess DEMETER hands you grain but slaps your wrist when you reach past her into her granary's granary: one hand-off only, no reaching through.;Talk only to immediate friends: call methods on yourself, your fields, parameters, or objects you create—avoid chains like a.b().c().d().;bad: order.customer.wallet.pay(amt) / good: order.charge(amt);"Tell don't ask — Demeter limits WHO you may talk to; tell-don't-ask limits WHAT you say (commands over queries)."
417;Tell, don't ask;A drill sergeant never asks a recruit 'how are your boots?' and then kneels to tie them himself — he barks 'POLISH YOUR BOOTS' and marches on.;Command objects to do work with their own data instead of querying their state and making the decision outside them.;bad: if a.balance() > amt: a.set_balance(...) / good: a.withdraw(amt);"Law of Demeter — Demeter is about reach (one dot); tell-don't-ask is about pushing decisions into the data's owner."
418;Defensive copying;"The museum hands visitors a replica of the crown jewels to fondle; the real crown never leaves the vault, so no greasy fingerprint can reach it.";Return or store copies of mutable internals instead of live references, so outsiders cannot mutate private state behind your back.;def tags(self): / return list(self._tags) # copy, not the list;"Immutability — an immutable object needs no copies; defensive copies protect mutable state you must keep."
419;Encapsulate what varies;A ship's engine room sealed behind one bulkhead door: the crew swaps pistons and rewires chaos inside, while the bridge only ever sees the same brass telegraph handle.;Identify the parts of a design that change and wall them off behind a stable interface, so change stays local instead of rippling.;price() calls TaxPolicy.rate() - swap NYTax for EUTax without touching checkout;"vs information hiding (411): same spirit; this is the design HEURISTIC of isolating expected change, 411 the general principle"
420;Inheritance;Reading of the will: the heir walks out wearing grandfather's entire wardrobe — coat, watch, and debts — automatically, tailored or not.;A subclass acquires the fields and methods of a base class, modeling an is-a relationship and enabling reuse.;class Animal: ... / class Dog(Animal): ... # Dog is-an Animal;"Composition — inheritance is is-a, fixed at class definition; composition is has-a, swappable at runtime."
421;Method overriding;Same nail on the wall, but the kid hangs his own painting OVER the parent's — every visitor to the kid's room now sees only the kid's picture.;A subclass redefines an inherited method with the same signature, so calls on subclass objects run the new version via dynamic dispatch.;class Dog(Animal): / def speak(self): return 'woof' # replaces Animal.speak;"Overloading — overriding replaces an inherited method (same signature); overloading adds a sibling with different parameters."
422;Overriding vs overloading;The OVERLOADED waiter balances five different trays under one name — the kitchen picks a tray by what you ordered (arguments). The OVERRIDING waiter is the new hire who replaces the old chef's dish outright.;Overriding: subclass, same signature, chosen at runtime. Overloading: same name, different parameter lists, chosen at compile time.;add(int,int) vs add(float,float) # overload / Dog.speak replacing Animal.speak # override;Shadowing — shadowing hides a field or static member by name in a subclass, with no dynamic dispatch involved.
423;super;The kid chef plates his remix but first yells 'SOUS!' — the parent sous-chef (super) cooks the classic base sauce, then the kid adds his twist on top.;Keyword to call the base class's version of a method from an override, typically to extend rather than fully replace inherited behavior.;def __init__(self, name, breed): / super().__init__(name) / self.breed = breed;"self — self dispatches to the most-derived method; super starts lookup at the NEXT class in the MRO above the current one."
424;Abstract class;A paint-by-numbers canvas: some patches pre-painted (concrete methods), numbered blanks you MUST fill (abstract), and the gallery refuses to hang it unfinished (no instantiation).;A class that cannot be instantiated, declaring abstract methods subclasses must implement while optionally sharing concrete code.;class Shape(ABC): / @abstractmethod / def area(self): ...;"Interface — an interface is pure contract with no state; an abstract class can carry fields and partial implementation."
425;Final / sealed classes;A royal letter closed with red wax SEAL and the king's ring: any heir who tries to rewrite a paragraph cracks the wax, and the guards refuse the copy.;Marking a class or method final/sealed forbids subclassing or overriding, locking behavior against modification by inheritors.;final class String {...} // Java / @final # typing hint in Python;"private — private hides a member from outsiders; final exposes it but forbids overriding or extension."
426;Fragile base class;"Grandpa quietly reorganizes his toolshed (base class); across town three grandkids' workbenches collapse, because their jigs were bolted to his shelf positions. FRAGILE: handle with care.";Pitfall: safe-looking edits to a base class silently break subclasses that depended on its internal call patterns or invariants.;"v1: Base.add_all calls self.add / v2 inlines it; a subclass counting / adds now silently undercounts";"Diamond problem — diamond is ambiguity from two parents; fragile base is breakage from changing one parent."
427;Diamond problem;A family-reunion photo shaped like a DIAMOND: one grandma on top, two parents at the sides, one kid at the bottom clutching two conflicting heirloom recipes for the same pie.;In multiple inheritance, inheriting one ancestor through two parents makes it ambiguous which inherited version applies.;class B(A): ... / class C(A): ... / class D(B, C): ... # whose method wins?;"MRO — the diamond is the ambiguity; C3 linearization (MRO) is Python's deterministic resolution of it."
428;Virtual call in constructor;A house tour scheduled during construction: guests (the override) stride into rooms with no floorboards yet (uninitialized fields) and crash straight through.;Pitfall: calling an overridable method from a constructor runs subclass code before the subclass's fields are initialized.;class Base: / def __init__(self): self.setup() # overridable! / # Sub.setup runs before Sub.__init__ body;"Construction order — order says base-before-derived; this pitfall is dispatching INTO the derived part too early."
429;Yo-yo problem;Debugging with a YO-YO strapped to your scroll wheel: read one line, yank up four ancestor files, snap back down, yank up again — your neck aches by lunch.;Deep inheritance forces readers to bounce up and down the class hierarchy to trace a single behavior, like a yo-yo.;Dog.speak -> Canine.speak -> super / -> Mammal._voice -> Animal.sound / (five files to trace one bark);"Fragile base class — fragile base is edits breaking subclasses; yo-yo is the comprehension cost of deep towers."
430;Subtype polymorphism;A shape-shifter troupe answers one casting call: the director shouts 'ACT!' and each — wolf, mist, knight — performs it in its own form. Many shapes (POLY-MORPH), one cue.;"Code written against a base type works with any subtype; the same call runs each object's own override.";for a in [Dog(), Cat(), Duck()]: / print(a.speak()) # woof meow quack;"Parametric polymorphism (generics) — generics vary the TYPE parameter; subtype polymorphism varies BEHAVIOR via overrides."
431;Dynamic dispatch;A taxi DISPATCHER who refuses to assign a cab until the call comes in: she looks at who is actually standing on the curb (runtime object), not the name typed on the booking (declared type).;At runtime, the actual object's class—not the variable's declared type—selects which method implementation executes.;a: Animal = Dog() / a.speak() # runs Dog.speak at runtime;"Static dispatch — static dispatch is fixed at compile time by declared type; dynamic uses the runtime object's class."
432;Vtable;Every object wears a lanyard pointing to its family's phone TABLE: slot 3 is labeled 'speak', and dialing slot 3 rings whichever number that family wrote there.;"Per-class table of method pointers; each object carries a pointer to its class's table, making a virtual call an indexed lookup.";obj -> vptr -> [&speak, &eat, ...] / call speak == jump to table[0];"Python attribute lookup — Python searches dicts along the MRO at runtime; vtables are fixed-offset arrays compiled into C++/Java."
433;Late binding;A wedding invitation with the officiant line left blank until the music starts — whoever actually stands at the altar that day performs the vows. Bound LATE.;"Deferring which method body a call names until runtime; early binding fixes the target at compile time.";handler.process(order) / # body chosen only when the call executes;"Lazy evaluation — lazy delays computing a VALUE; late binding delays choosing WHICH CODE runs."
434;Static vs dynamic type;A dog in a trench coat labeled ANIMAL: the customs officer reads the coat (static type), but the bark comes from the dog inside (dynamic type).;"The static type is what the variable is declared as; the dynamic type is the class of the object it holds right now.";"Animal a = new Dog(); / // static: Animal (what compiler checks) / // dynamic: Dog (what dispatch uses)";"Casting — a cast changes only the static view; the object's dynamic type never changes."
435;Ad hoc polymorphism;A Swiss Army knife labeled CUT: a saw folds out for wood, scissors for paper, a blade for bread - same handle, a different tool snaps out per material.;One function name, several separate implementations chosen by argument types - overloading picks a different body per signature.;"C++: print(int); print(string); print(double)  // compiler picks by argument type";"vs parametric polymorphism/generics (39x): generics run ONE body for all types; overloading selects among DIFFERENT bodies | vs override (421): overload differs in signature at compile time; override replaces the same signature at runtime"
436;Method resolution order (MRO);A fire-drill roster taped by the door: when the alarm (method call) rings, the ancestors line up single file in one fixed order, and the first one holding an extinguisher acts.;The deterministic linear order (C3 in Python) in which a class and its ancestors are searched for an attribute or method.;class D(B, C): ... / D.__mro__ # (D, B, C, A, object);"super — super does not call 'the parent'; it calls the NEXT class in the MRO, which can be a sibling."
437;Double dispatch;Two masked dancers meet at the masquerade: the first unmasks ('I am Rock!'), then bows so the other unmasks and picks the duet step ('then I, Paper, wrap you'). Two reveals choose one move.;The executed code depends on the runtime types of TWO objects, achieved via two chained virtual calls (heart of Visitor).;shape.accept(visitor) # dispatch 1 / def accept(self, v): / v.visit_circle(self) # dispatch 2;"Multiple dispatch — multimethods pick on all argument types natively; double dispatch simulates it with two single dispatches."
438;Multiple dispatch;A club bouncer scans EVERY guest's badge at once before choosing the playlist: wolf plus vampire gets organ metal, wolf plus wolf gets howling techno.;Language feature (CLOS, Julia) that selects a method on the runtime types of ALL arguments at once, not just the receiver.;@dispatch(Cat, Mouse) / def meet(a, b): return 'chase' / # Julia: meet(a::Cat, b::Mouse);"Overloading — overloading resolves on static compile-time argument types; multiple dispatch uses runtime types."
439;Replace switch-on-type with polymorphism;A hallway of doors, each with its own doorman, replaces the lobby clerk flipping a giant laminated flowchart ('if wolf... elif duck...'). New guest? Just add a door.;Refactoring: turn if/switch chains on type tags into an overridden method, so adding a type requires no edits to existing branches.;bad: if kind=='circle': pi*r*r elif ... / good: shape.area() # each class knows its own;"Strategy pattern — strategy swaps a behavior per object at runtime; this refactor moves the branches into the type hierarchy."
440;Abstraction;A car's steering wheel: you turn one leather ring while tie rods, rack and pinion vanish below the dashboard. The wheel IS the idea 'go left'.;Exposing only the essential features of a thing while omitting irrelevant detail, so users think in concepts, not mechanisms.;file.read() # not: move disk head, / # follow inodes, buffer sectors;"Encapsulation — encapsulation enforces access control; abstraction chooses which concepts exist at all."
441;Interface;A wall socket FACEplate: three holes in a standard shape. Any appliance with the matching plug just runs — you never see the wiring behind the plate.;"A named contract listing method signatures without implementation; classes implement it, and callers depend only on it.";class Speaker(Protocol): / def speak(self) -> str: ...;"Abstract class — abstract classes may carry fields and code; an interface is pure signatures, contract only."
442;Program to an interface;A DJ mixes on standard quarter-inch jacks: any brand of headphones snaps in mid-set. He never solders one Sony cable straight into the console.;Depend on abstract contracts, not concrete classes, so implementations can be swapped without touching calling code.;"def notify(s: MessageSender): ... / notify(Email()); notify(Slack())";"Dependency inversion — DIP adds WHO owns the abstraction (the high-level policy); this maxim just says to use one."
443;Design by contract;"Two lawyers slide a CONTRACT across the table before every call: 'You bring valid input (pre); I guarantee this result (post); the office stays intact (invariant).' Breach means bug, and blame is assigned by clause.";Meyer's discipline: each method states preconditions, postconditions, and invariants as formal obligations between caller and callee.;require amount > 0 / ensure balance == old_balance - amount;"Defensive programming — defensive code re-checks everything everywhere; contracts assign each check to exactly one party."
444;Preconditions & postconditions;"Airport rules: YOU must show up with a valid boarding pass (pre); the AIRLINE must land your suitcase on the belt (post). Each side owns its clause.";Precondition: what must be true before a call (caller's duty). Postcondition: what the method guarantees afterward (callee's duty).;def sqrt(x): # pre: x >= 0 / ... / # post: result*result == x;"Invariant — pre/post bracket ONE call; an invariant must hold between ALL calls for the object's lifetime."
445;Minimal API surface;A submarine with ONE small hatch: every extra porthole you cut is a spot the ocean (your users) will pry at forever.;"Expose the smallest set of public methods and types that serves clients; every extra public item is a forever-maintenance promise.";public: connect(), send() / private: retry logic, socket pool, / framing, backoff;"Information hiding — hiding concerns which decisions internals conceal; minimal surface counts what is public at all."
446;Leaky abstraction;A shiny chrome faucet labeled PURE WATER burps rust one morning — suddenly you are studying the building's entire pipe map. The plumbing LEAKED through.;Spolsky's law: all non-trivial abstractions leak—the hidden layer's quirks (latency, failures) surface and force users to learn it.;"ORM hides SQL until one slow query; / now you must read the generated JOINs";"Bad abstraction — a wrong abstraction misfits its concept; a leaky one fits, yet the substrate still bleeds through under stress."
447;Abstract data type;"A vending machine spec sheet listing only the buttons and what must come out; whether springs or elves work inside is officially none of your business.";A type defined purely by its operations and their laws - stack means push/pop/LIFO - with the representation deliberately unspecified.;Stack: push(x), pop() -> last x in / array-backed or list-backed, callers cannot tell;"vs interface (441): an interface is a language construct; an ADT is the mathematical contract an interface may encode"
448;Single level of abstraction;A speech that lurches from 'We shall win the war!' to 'tighten bolt #4 to 12 newton-meters' — the audience gets altitude whiplash. One speech, one altitude.;Within one function, keep all statements at the same conceptual altitude: never mix high-level steps with bit-twiddling detail.;"def checkout(): / validate_cart(); charge_card() / send_receipt() # all same altitude";Extract method — extract method is the refactoring tool you use to restore a single level of abstraction.
449;Principle of least astonishment;A door with a big pull handle that you must PUSH: every single visitor yanks it and stumbles. The designer, not the visitors, is wrong.;"Design APIs and behavior to match what users most plausibly expect; surprising side effects are defects even when documented.";list.sort() returns None (mutates!) / — astonishes newcomers vs sorted(lst);"Convention over configuration — conventions reduce setup choices; least astonishment governs how any behavior should feel."
450;Composition;A LEGO mech: snap on a drill arm, swap it for a claw at halftime. The robot is nothing but its click-together parts.;Building objects out of other objects as parts, reusing behavior by containing collaborators rather than inheriting from them.;class Car: / def __init__(self): / self.engine = Engine();"Inheritance — inheritance is a fixed is-a bond made at class definition; composition assembles has-a parts, swappable at runtime."
451;Composition over inheritance;"Two robot builders: one WELDS his robot onto grandpa's chassis forever (inheritance); the other clicks modules on and off in seconds and wins the derby. Buy LEGO, not welds.";Prefer assembling behavior from contained parts over subclassing: fewer hierarchy traps, and parts stay swappable at runtime.;bad: class Stack(list): ... / good: class Stack: / def __init__(self): self._items = [];"Never inherit — the principle says PREFER composition; inheritance still fits a true is-a with a stable contract."
452;Has-a vs is-a;Say it aloud at the pet-store counter: 'a Dog IS an animal' (family portrait), 'a Car HAS an engine' (parts bin). Your own ear picks the design.;"Design test: a Car HAS-an Engine (compose), a Dog IS-an Animal (inherit); saying the sentence aloud picks the relationship.";class Dog(Animal): ... # is-a / self.engine = Engine() # has-a;Is-implemented-using — a Stack is implemented using a list (compose it), even though 'a stack is a list' sounds like is-a.
453;Delegation;A CEO's desk with a golden chute: every letter dropped on her desk slides straight to the specialist one floor down, whose reply goes out on HER letterhead.;An object handles a request by handing it to a contained helper, exposing the resulting behavior as its own.;class Printer: / def print(self, doc): / return self.engine.render(doc);"Inheritance — inheritance reuses by BEING the parent; delegation reuses by ASKING a part, keeping interfaces decoupled."
454;Forwarding vs delegation;Two mail rooms: FORWARDING slaps a new address on the envelope, so replies go to the helper. DELEGATION sends a courier who must report back to the boss's desk (self) for every follow-up.;"Strictly, delegation keeps self bound to the outer object (helper's self-calls come back to it); forwarding hands off with no self link.";"JS prototypes: method runs with this=rex / (true delegation); wrapper calling / self.file.log(s) is mere forwarding";"Everyday usage — most code called 'delegation' is technically forwarding; true delegation rebinds self/this, as in JS prototypes."
455;Aggregation vs composition;"Your heart versus a rented tuxedo: the heart is COMPOSED into you and dies with you; the tux is AGGREGATED — the shop keeps it when you are gone.";"Both are has-a: in composition the whole owns the part's lifetime (part dies with it); in aggregation parts live independently.";House owns its Rooms (composition) / Team references Players (aggregation) / # players outlive the team;"Association — plain association is any link at all; aggregation and composition add whole-part meaning and lifetime rules."
456;Mixins;Ice-cream MIX-INS: your scoop keeps its vanilla identity, but the counter smashes cookie chunks and sprinkles (methods) into it on the cold slab.;Small classes that inject a bundle of methods into others via (multiple) inheritance, adding capability without being a base type.;class JsonMixin: / def to_json(self): return dumps(vars(self)) / class User(JsonMixin, Base): ...;"Base class — a base defines what the class IS; a mixin only donates what it can DO and is never meant to stand alone."
457;Traits;"Character TRAIT cards in a deck-builder: snap 'Flies' and 'Sings' onto your hero card; if two cards grant the same move, the rulebook forces YOU to pick one, out loud.";Composable units of behavior (Scala, Rust, PHP) like mixins, but with explicit rules for resolving name conflicts.;"trait Fly { fn fly(&self); } / impl Fly for Duck { ... } // Rust";"Mixin — mixins resolve clashes silently by MRO order; traits surface conflicts and demand explicit resolution."
458;Wrapper as composition;A gift-wrapped megaphone: shout into the wrapping-paper cone and it adds glitter to your words before the real megaphone inside blasts them. Same mouthpiece shape outside.;A wrapper holds the real object and exposes the same interface, adding behavior around forwarded calls (decorator style).;"class LoggedFile: / def write(self, s): / log(s); self.inner.write(s)";"Subclassing to extend — a wrapper can wrap any implementation at runtime and stack; a subclass is fixed to one parent at compile time."
459;Replace inheritance with delegation;A rebellious heir legally un-adopts himself, then HIRES his ex-father as a contractor: same services, now through a signed work order (field plus forwarding), none of the family obligations (inherited API).;Refactoring: turn a dubious subclass into a wrapper that holds the former parent and forwards only what it truly needs.;before: class Stack(list): ... / after: class Stack: / def push(s, x): s._items.append(x);"Wrapper/decorator — the mechanics are identical; this is the refactoring MOVE that gets you there from inheritance."
460;SOLID principles;"A blacksmith stamps five runes — S, O, L, I, D — into one SOLID steel beam; the skyscraper bolted onto it never sways when new floors are added.";Five OO design principles—SRP, OCP, LSP, ISP, DIP—popularized by Robert Martin for maintainable, extensible code.;S: one reason to change ... / D: depend on abstractions / (see codes 461-479);"GRASP — GRASP assigns responsibilities (Larman); SOLID constrains class and dependency structure (Martin)."
461;Single Responsibility Principle;A Swiss Army knife melted in the dishwasher: corkscrew, saw, and scissors fused into one blob — sharpening the blade now bends the scissors. One tool, one job.;A class should have exactly one responsibility—one reason to change—so unrelated pressures never tug at the same code.;bad: Report.calculate + format + email / good: Calculator, Formatter, Mailer;"Separation of concerns — SoC is the system-wide idea; SRP is its per-class rule, measured in reasons to change."
462;One reason to change;One desk phone with two lines ringing at once: ACCOUNTING screams 'change the rounding!' while LEGAL screams 'change the wording!' — the clerk rips the phone in two, one handset per department.;"Martin's SRP test: a module should answer to a single actor; two departments demanding edits to it means it should be two classes.";"PayrollCalc changes for CFO rules; / PayrollReport changes for auditors / # split: different actors";'Does one thing' — the test is not task count but WHO requests changes: count distinct actors, not functions.
463;God object;A 3000-line deity on a cloud named Manager.java: weather, payroll, and toaster settings all require kneeling before it — touch its robe and lightning (merge conflicts) strikes the whole team.;Anti-pattern: one class that knows or does nearly everything, hoarding state and logic that every other part must go through.;"class AppManager: # 6k lines / users; orders; ui; cache; email / def do_everything(...)";"Facade — a facade is a thin door over subsystems that keep the logic; a god object contains all the logic itself."
464;Separation of concerns;A bento box: rice, fish, and pickles in walled compartments — the wasabi never bleeds into the pudding. One flavor per cell.;Split a system so each part addresses one concern (UI, logic, storage), letting each evolve and be understood alone.;routes.py # HTTP concern / service.py # business rules / repo.py # persistence;"SRP — SoC partitions the whole architecture by topic; SRP applies actor-based pressure to each class."
465;Open-Closed Principle;A pinball machine with a sealed glass top but an OPEN expansion slot on the side: snap in new bumpers without ever unscrewing the glass over the working table.;Software should be open for extension but closed for modification: add behavior via new code, not edits to tested code.;"new PaymentMethod subclass ships / new behavior; process() is untouched";"Immutability — immutability freezes runtime data; OCP freezes existing SOURCE while welcoming new modules."
466;Extension points;"A power strip screwed onto the engine block: mechanics plug new gadgets into labeled sockets; nobody ever splices wires into the loom itself.";Deliberate seams—hooks, plugin registries, abstract slots—where new behavior can be added without touching core code.;@app.register_plugin('pdf') / class PdfExporter(Exporter): ...;"Fork-and-edit — extension points invite additions from outside; forking modifies the core and forfeits upgrades."
467;Strategy as OCP enabler;A chess coach's binder of laminated STRATEGY cards: slide 'Sicilian' out, slide 'King's Gambit' in — the player (context) plays whatever card sits in the sleeve, never rewired.;Encapsulate interchangeable algorithms behind one interface and inject the choice, so new variants extend without editing callers.;class Shipping(Protocol): / def cost(self, order): ... / order.total(FlatRate()) # or ByWeight();"Template method — template fixes the skeleton in a base class (inheritance); strategy swaps whole algorithms by composition."
468;Divergent change;One steering wheel wired to two cars welded side by side: Monday you steer the left car's road trip, Tuesday the right's — every turn is a fight. Saw them apart.;Smell: one class keeps changing for different reasons on different occasions—evidence it bundles multiple responsibilities.;UserService edited for auth rules, / then email templates, / then avatar resizing;"Shotgun surgery — divergent change: many reasons hit ONE class; shotgun surgery: one reason forces edits across MANY classes."
469;Speculative generality;A house wired with forty light switches labeled FUTURE JACUZZI and MAYBE OBSERVATORY — guests flip them all, nothing happens, but the wiring bill was very real.;Smell: abstractions, hooks, and parameters built for imagined future needs that never arrive, taxing every reader today.;class AbstractUserFactoryProvider: / ... # exactly one subclass, ever;"YAGNI — YAGNI is the preventive maxim; speculative generality is the smell you find where it was ignored."
470;Liskov Substitution Principle;"The understudy steps into the lead role mid-show; if even one audience member notices the swap, the understudy has failed LISKOV's audition.";Subtypes must be usable anywhere their base type is expected without breaking the program's expectations.;def drain(b: Battery): b.discharge() / # every Battery subtype must drain safely;"Syntactic subtyping — merely compiling is not enough; LSP demands behavioral compatibility with the base contract."
471;Rectangle-square problem;"A stretching machine grabs a 'rectangle' by both handles; the square SCREAMS as both its sides move together, crushing the operator's test gauge.";Classic LSP violation: a Square subclassing Rectangle breaks code that sets width and height independently.;"r.width = 4; r.height = 5 / assert r.area() == 20 # Square gives 25!";"Math intuition — mathematically a square IS a rectangle; behaviorally, with mutable setters, it violates the contract."
472;Behavioral subtyping rules;The diner's new heir may ACCEPT more coupons than dad did (weaker precondition) and pile portions HIGHER (stronger postcondition) — but never the reverse, or the regulars riot.;Valid subtypes never strengthen preconditions, never weaken postconditions, and preserve base invariants: require less, promise more.;base: needs x >= 0, returns non-null / sub: may accept any x, / must still return non-null;"Covariance rules — variance governs the TYPES of params and returns; these rules govern the logical CONTRACT strength."
473;Covariance & contravariance;A vending machine upgrade may dispense a FANCIER snack than promised (narrower return, CO-variant) and accept MORE kinds of coins (wider input, CONTRA-variant) — never stingier or pickier.;"Safe override typing: return types may narrow in the subclass (covariant); parameter types may widen (contravariant).";base: def get(self) -> Animal / sub: def get(self) -> Cat # covariant ok / sub may accept wider params too;Generic variance — the same words applied to type parameters of containers (List[Cat] vs List[Animal]), not method overrides.
474;Refused bequest;The heir shoves grandma's BEQUEATHED piano off the moving truck: he signed as heir but refuses the goods. Penguin extends Bird, then throws on fly().;Smell: a subclass inherits methods it does not want and stubs or breaks them—a sign the is-a relationship is wrong.;class Penguin(Bird): / def fly(self): / raise NotImplementedError;"Abstract stub — abstract methods are contracts awaiting code; refused bequest actively rejects promises already inherited."
475;Interface Segregation Principle;A 40-page diner menu forced on the espresso cart: the barista must stock snails just to sell coffee. Chop the menu into laminated cards, one per stall.;Clients should not be forced to depend on methods they do not use: split fat interfaces into small, client-specific ones.;"bad: Machine: print+scan+fax / good: Printer, Scanner protocols; / OldPrinter implements Printer only";"SRP — SRP splits by the reasons a CLASS changes; ISP splits by what each CLIENT actually calls."
476;Fat interface vs role interface;"A costume trunk versus a name badge: the fat interface makes every visitor drag the whole costume trunk on stage; the role interface hands them one badge saying CAN_PAY — all the scene needs.";"A fat (header) interface mirrors one class's every method; a role interface captures just the one collaboration a client needs.";fat: IEmployee (32 methods) / role: Payable{pay()}, Promotable{...};"ISP — ISP is the principle; fat versus role interface is the vocabulary naming the disease and its cure."
477;Dependency Inversion Principle;"The penthouse no longer runs cables down into the boiler room; both floors bolt onto a steel INTERFACE beam mid-building, and the boiler crew hangs THEIR pipes up to the beam. The dependency's gravity is inverted.";"High-level policy and low-level details both depend on abstractions; abstractions never depend on details.";class Store(Protocol): def save(...): ... / class App: uses Store # points up / class SqlStore(Store): ... # points up;"Dependency injection — injection is a delivery technique; inversion is about which direction source dependencies point."
478;Dependency injection;A hospital IV bag drips collaborators straight into the patient's arm — the patient never brews its own medicine. Swap the bag, change the behavior, same patient.;Technique: an object's dependencies are supplied from outside (constructor, setter, parameter) rather than created inside it.;svc = ReportService(db=PostgresDb()) / test = ReportService(db=FakeDb());"Service locator — a locator has the object FETCH deps from a registry; injection PUSHES them in, keeping the object passive."
479;Inversion of control;The HOLLYWOOD casting desk: you leave your headshot (callback) and the studio phones YOU when the scene is ready. Actors who keep calling the studio get blacklisted.;The framework calls your code instead of your code calling the framework: don't call us, we'll call you (Hollywood Principle).;app.on('request', handle) / # the framework invokes handle, not you;"DIP — DIP inverts which module owns the abstraction; IoC inverts who holds the flow of control (who calls whom)."
480;Object lifecycle;A mayfly wearing a wristwatch: born at dawn (constructor), works the day (methods), dissolves at dusk (destructor) — the town clock (runtime) schedules every phase.;"The arc from allocation and construction through use to destruction or collection; the object must stay valid at every stage.";obj = Widget() # birth / obj.use() # life / del obj / GC # death;"Variable scope — scope ends a NAME; the object may outlive it via other references and die later via GC."
481;Construction order;"Building a wedding cake: the bottom tier (base) must set before the top tier (derived) goes on; at the party the top tier is eaten first (reverse destruction).";"Base-class constructors run before derived ones, and fields initialize in declaration order; destruction runs in reverse.";class B(A): / def __init__(self): / super().__init__() # A's parts first;"Virtual call in constructor — reading a not-yet-built field is that pitfall; base-before-derived is the rule beneath it."
482;Destructor / finalizer;"Two funerals: the C++ undertaker arrives the second you flatline, paperwork exact; the GC FINALizer is a distracted cousin who might hold a service someday — or skip it entirely.";"Code run at object destruction; deterministic destructors (C++) free resources reliably, GC finalizers may run late or never.";def __del__(self): ... # may never run / # prefer 'with' / context managers;"Context manager __exit__ — __exit__ runs deterministically at block end; __del__ waits on the collector's whim."
483;RAII;A scuba tank strapped on AS you jump in (constructor) that unclips itself the instant you surface (scope exit) — even if you are dragged out unconscious (exception), the strap still releases.;Resource Acquisition Is Initialization: tie a resource to an object's scope—constructor acquires, destructor releases, even on exceptions.;with open('f') as fh: / data = fh.read() / # closed on every exit path;"finally blocks — finally is manual pairing at each call site; RAII bakes release into the type so no caller can forget."
484;Identity vs equality;Identical twins hand you two passports: same face and name on the page (equal values), but the fingerprint scanner (memory address) proves two people.;Identity asks: are these the SAME object in memory (is)? Equality asks: do two objects hold equivalent values (==)?;"a = [1,2]; b = [1,2] / a == b # True (equal values) / a is b # False (distinct objects)";"Java's == — on objects Java's == tests identity; .equals() tests value equality, roughly inverse of Python's habit."
485;equals/hashCode contract;A coat check: the clerk files coats by ticket number (hash), then confirms by face (equals). Twins holding different ticket numbers means one coat is lost in the wrong rack forever.;"If two objects are equal they MUST have equal hash codes; violating this silently breaks hash sets and dict lookups.";class P: / def __eq__(s, o): return s.id == o.id / def __hash__(s): return hash(s.id);"The reverse direction — equal hashes do NOT require equal objects (collisions are fine); only equals-implies-same-hash is mandatory."
486;Value object vs entity;"A ten-euro note versus your dog: swap the note for another tenner and nobody cares (value); swap your dog for an identical-looking one and you very much care (entity).";"Value objects are defined only by their attributes (interchangeable, ideally immutable); entities keep a persistent identity over time.";Money(10,'EUR') == Money(10,'EUR') / User(id=7) tracked across renames;"DTO — a DTO just ferries data across boundaries; a value object is a domain concept with equality semantics."
487;Two-phase initialization;Flat-pack furniture delivered in a box stamped NOT A CHAIR YET: until you perform the second assembly ritual, sitting drops you to the floor.;An object is constructed inert and only becomes usable after a separate init/start call - flexible, but it opens the half-initialized-object window constructors exist to prevent.;srv = Server() / srv.configure(cfg) / srv.start()  # safe to use only after both calls;"vs constructor/RAII initialization (483): single-phase yields an invariant-complete object at birth; two-phase leaves a gap where methods are unsafe"
488;Copy constructor;A master forger who only copies paintings from his OWN studio: he knows which layers are paint and which are glued-on photos, so his duplicates never share canvas with the original.;A constructor that takes an existing instance and builds an independent duplicate - the class itself decides how deep the copy goes.;C++: Point(const Point& p) : x(p.x), y(p.y) {} / Python: Point.from_other(p);"vs clone() methods: same goal, but the constructor states copy depth in the type and avoids Java clone's fragile contract; shallow-vs-deep choice itself lives at 345"
489;Object slicing;A giraffe shipped in a horse-sized crate: the packers SLICE off the neck to make it fit — what arrives is legally a horse. Ship by trailer hitch (pointer or reference) instead.;C++ pitfall: assigning a derived object BY VALUE into a base variable copies only the base part, slicing off subclass data and behavior.;"Dog d; Animal a = d; // C++ by value / a.speak(); // Animal's version: tail sliced off";"Upcasting via pointer — a Base* or Base& still dispatches to Dog; only by-VALUE copies slice."
490;Refactoring;Renovating a plane mid-flight without waking the passengers: rip out and rebuild the galley, yet every drink still arrives on time. Behavior identical, structure new.;Restructuring code to improve its design WITHOUT changing observable behavior, in small steps guarded by tests.;tests green -> rename, extract, / inline -> tests still green;"Rewrite — a rewrite replaces behavior wholesale with fresh risk; refactoring preserves behavior step by tiny step."
491;Code smell;Something reeks under the floorboards of a room where nothing looks wrong: your NOSE (heuristic), not the smoke alarm (compiler), says lift the boards.;A surface symptom in code (odd size, naming, duplication) hinting at a deeper design problem worth investigating—not itself a bug.;800-line class, 9 params, twin blocks / # compiles fine, still stinks;"Bug — a bug produces wrong behavior now; a smell predicts pain later while behavior stays correct."
492;DRY;"Two office whiteboards both list the tax rate; an intern updates only one. April arrives soaked in lawsuits — the boards disagreed. Keep ONE board. Keep it DRY.";"Don't Repeat Yourself: every piece of knowledge gets a single authoritative representation; duplication forks the truth.";TAX = 0.21 # single source / total = net * (1 + TAX);"Deduplicating lookalike code — DRY is one source of KNOWLEDGE; merging coincidentally similar code couples unrelated things."
493;KISS & YAGNI;"One camper packs a KISS-simple folding pocketknife; his buddy hauls a 40-kilo might-need-it trunk (YAGNI violation) up the trail, uses none of it, and wheezes at the summit.";KISS: prefer the simplest design that works. YAGNI: don't build features until actually needed—most 'later' never comes.;need CSV export today? / write csv_export() / not ExportFrameworkFactory;Underengineering — KISS/YAGNI trim speculation, never required correctness: simplest thing that WORKS, not almost works.
494;Coupling & cohesion;"Mountain camp: inside each tent the gear is packed tight and orderly (cohesion); between tents runs just one thin rope (coupling). Cross-lace fifty ropes and one slip drags every tent off the cliff.";Aim for low coupling (few, thin dependencies between modules) and high cohesion (each module's parts belong tightly together).;cohesive: Wallet{balance, add, spend} / coupled: Wallet reads UI.textbox;"Encapsulation — encapsulation is a mechanism inside one class; coupling and cohesion measure between and within modules."
495;Long method;"A single run-on sentence tattooed down someone's whole arm, wrist to shoulder; readers keep rotating the arm and losing their place. Paragraphs exist for a reason.";Smell: a function long enough to need scrolling, with comments as section headers—each labeled chunk wants extracting.;def process(): # 300 lines / # -- validate -- / # -- price -- # comments = seams;"Large class — a large class hoards many responsibilities at type level; a long method crams many steps into one function."
496;Feature envy;A neighbor who cooks every meal in YOUR kitchen: opens your fridge, uses your knives, then carries dinner back home. Move him in (move the method) or change the locks.;Smell: a method that mostly reads and manipulates ANOTHER object's data—move the method to where the data lives.;def total(order): / return order.qty * order.price / # lives outside Order: move it in;"Law of Demeter violation — Demeter counts dots in a call chain; feature envy asks which class should OWN the logic."
497;Primitive obsession & magic numbers;A wizard mutters '86400' and '0.21' over the cauldron — apprentices copy the MAGIC NUMBERS wrong and the potion explodes. Label the vials: SECONDS_PER_DAY, TAX_RATE.;"Smell: raw ints/strings and bare literals stand in for domain concepts; wrap them in named constants and small types.";bad: if status == 3: retry(86400) / good: if status == Status.FAILED: / retry(SECONDS_PER_DAY);Value object — the value object (Money, Email) is the CURE that replaces obsessive primitives with real types.
498;Extract method;A dentist EXTRACTS one tangled tooth from the jaw (long method) and mounts it on its own little stand with a nameplate — the jaw finally closes, and the tooth can be inspected alone.;Refactoring: pull a coherent code fragment into a new well-named method and call it, turning comments into names.;# -- validate input -- becomes: / validate_input(order) / # the name replaces the comment;Inline method — inline is the exact inverse: dissolve a needless method back into its caller.
499;Boy-scout rule;"A scout troop crossing a campsite: each kid pockets ONE piece of litter on the way through; by season's end the forest floor gleams, though no cleanup day was ever held.";Always leave the code a little cleaner than you found it: tiny opportunistic cleanups on every visit compound into health.;while fixing a bug: / rename tmp2 -> retry_count, / delete the dead branch;"Big-bang refactor — the scout rule is continuous micro-cleanup in passing; a dedicated rewrite is a separate scheduled effort."
